{"cameraMode":{"drawMode":0,"name":"Shaded","section":"Shading Mode"},"sceneLighting":false,"audioPlay":false,"sceneViewState":{"m_AlwaysRefresh":false,"showFog":true,"showSkybox":false,"showFlares":true,"showImageEffects":true,"showParticleSystems":true,"showVisualEffectGraphs":true,"m_FxEnabled":true},"in2DMode":false,"pivot":{"x":-6.34499979019165,"y":1.0999999046325684,"z":-0.019407272338867189},"rotation":{"x":0.11118392646312714,"y":0.4462597072124481,"z":-0.055990852415561679,"w":0.8862066268920898},"size":7.658956527709961,"orthographic":false}