{"cameraMode":{"drawMode":0,"name":"Shaded","section":"Shading Mode"},"sceneLighting":false,"audioPlay":false,"sceneViewState":{"m_AlwaysRefresh":false,"showFog":true,"showSkybox":false,"showFlares":true,"showImageEffects":true,"showParticleSystems":true,"showVisualEffectGraphs":true,"m_FxEnabled":true},"in2DMode":false,"pivot":{"x":-5.066394805908203e-7,"y":0.2605905532836914,"z":-0.0000020265579223632814},"rotation":{"x":0.08688723295927048,"y":-0.008366236463189125,"z":0.0007297015399672091,"w":0.9961829781532288},"size":0.48676735162734988,"orthographic":false}