{"cameraMode":{"drawMode":0,"name":"Shaded","section":"Shading Mode"},"sceneLighting":false,"audioPlay":false,"sceneViewState":{"m_AlwaysRefresh":false,"showFog":true,"showSkybox":false,"showFlares":true,"showImageEffects":true,"showParticleSystems":true,"showVisualEffectGraphs":true,"m_FxEnabled":true},"in2DMode":false,"pivot":{"x":0.1383991241455078,"y":0.7500001192092896,"z":-0.26971912384033205},"rotation":{"x":0.15109343826770783,"y":0.6980190873146057,"z":-0.15448826551437379,"w":0.6827000975608826},"size":5.596430778503418,"orthographic":false}