{"cameraMode":{"drawMode":0,"name":"Shaded","section":"Shading Mode"},"sceneLighting":false,"audioPlay":false,"sceneViewState":{"m_AlwaysRefresh":false,"showFog":true,"showSkybox":false,"showFlares":true,"showImageEffects":true,"showParticleSystems":true,"showVisualEffectGraphs":true,"m_FxEnabled":true},"in2DMode":false,"pivot":{"x":0.011863961815834046,"y":0.08122622966766358,"z":-0.053564004600048068},"rotation":{"x":0.19030453264713288,"y":0.15099824965000153,"z":-0.0296391062438488,"w":0.9695923328399658},"size":0.11713168025016785,"orthographic":false}