{"cameraMode":{"drawMode":0,"name":"Shaded","section":"Shading Mode"},"sceneLighting":false,"audioPlay":false,"sceneViewState":{"m_AlwaysRefresh":false,"showFog":true,"showSkybox":false,"showFlares":true,"showImageEffects":true,"showParticleSystems":true,"showVisualEffectGraphs":true,"m_FxEnabled":true},"in2DMode":false,"pivot":{"x":-0.05343044921755791,"y":0.10765770077705383,"z":0.038535118103027347},"rotation":{"x":0.19030453264713288,"y":0.15099824965000153,"z":-0.0296391062438488,"w":0.9695923328399658},"size":0.1414431929588318,"orthographic":false}