{"cameraMode":{"drawMode":0,"name":"Shaded","section":"Shading Mode"},"sceneLighting":false,"audioPlay":false,"sceneViewState":{"m_AlwaysRefresh":false,"showFog":true,"showSkybox":false,"showFlares":true,"showImageEffects":true,"showParticleSystems":true,"showVisualEffectGraphs":true,"m_FxEnabled":true},"in2DMode":false,"pivot":{"x":2.9802322387695315e-8,"y":0.2842269241809845,"z":2.384185791015625e-7},"rotation":{"x":0.19030453264713288,"y":0.15099824965000153,"z":-0.0296391062438488,"w":0.9695923328399658},"size":0.5019674301147461,"orthographic":false}