{"cameraMode":{"drawMode":0,"name":"Shaded","section":"Shading Mode"},"sceneLighting":false,"audioPlay":false,"sceneViewState":{"m_AlwaysRefresh":false,"showFog":true,"showSkybox":false,"showFlares":true,"showImageEffects":true,"showParticleSystems":true,"showVisualEffectGraphs":true,"m_FxEnabled":true},"in2DMode":false,"pivot":{"x":0.0012383460998535157,"y":0.5278980135917664,"z":0.0008417963981628418},"rotation":{"x":0.2511114776134491,"y":0.17736195027828217,"z":-0.04686351865530014,"w":0.9504178166389465},"size":0.6866005063056946,"orthographic":false}