{"cameraMode":{"drawMode":0,"name":"Shaded","section":"Shading Mode"},"sceneLighting":true,"audioPlay":false,"sceneViewState":{"m_AlwaysRefresh":false,"showFog":true,"showSkybox":true,"showFlares":true,"showImageEffects":true,"showParticleSystems":true,"showVisualEffectGraphs":true,"m_FxEnabled":true},"in2DMode":false,"pivot":{"x":14.728145599365235,"y":6.392768859863281,"z":-16.998462677001954},"rotation":{"x":0.41983649134635928,"y":0.09635928273200989,"z":-0.044882360845804217,"w":0.9013618230819702},"size":12.12435531616211,"orthographic":false}